<?xml version="1.0" encoding="UTF-8"?>
<!--

       Copyright 2009-2016 the original author or authors.

       Licensed under the Apache License, Version 2.0 (the "License");
       you may not use this file except in compliance with the License.
       You may obtain a copy of the License at

          http://www.apache.org/licenses/LICENSE-2.0

       Unless required by applicable law or agreed to in writing, software
       distributed under the License is distributed on an "AS IS" BASIS,
       WITHOUT WARRANTIES OR CONDITIONS OF ANY KIND, either express or implied.
       See the License for the specific language governing permissions and
       limitations under the License.

-->
<document xmlns="http://maven.apache.org/XDOC/2.0" xmlns:xsi="http://www.w3.org/2001/XMLSchema-instance"
  xsi:schemaLocation="http://maven.apache.org/XDOC/2.0 http://maven.apache.org/xsd/xdoc-2.0.xsd">

  <properties>
    <title>MyBatis 3 | Dynamic SQL</title>
    <author email="clinton.begin@gmail.com">Clinton Begin</author>
  </properties>

  <body>
  <section name="Dynamic SQL">
  <p>One of the most powerful features of MyBatis has always been its Dynamic SQL capabilities. If you have any experience with JDBC or any similar framework, you understand how painful it is to conditionally concatenate strings of SQL together, making sure not to forget spaces or to omit a comma at the end of a list of columns. Dynamic SQL can be downright painful to deal with.</p>
  <p>While working with Dynamic SQL will never be a party, MyBatis certainly improves the situation with a powerful Dynamic SQL language that can be used within any mapped SQL statement.</p>
  <p>The Dynamic SQL elements should be familiar to anyone who has used JSTL or any similar XML based text processors. In previous versions of MyBatis, there were a lot of elements to know and understand. MyBatis 3 greatly improves upon this, and now there are less than half of those elements to work with. MyBatis employs powerful OGNL based expressions to eliminate most of the other elements:</p>
  <ul>
    <li>if</li>
    <li>choose (when, otherwise)</li>
    <li>trim (where, set)</li>
    <li>foreach</li>
  </ul>
  <subsection name="if" id="if">
  <p>The most common thing to do in dynamic SQL is conditionally include a part of a where clause. For example:</p>
  <source><![CDATA[<select id="findActiveBlogWithTitleLike"
     resultType="Blog">
  SELECT * FROM BLOG
  WHERE state = ‘ACTIVE’
  <if test="title != null">
    AND title like #{title}
  </if>
</select>]]></source>
  <p>This statement would provide an optional text search type of functionality. If you passed in no title, then all active Blogs would be returned. But if you do pass in a title, it will look for a title like that (for the keen eyed, yes in this case your parameter value would need to include any masking or wildcard characters).</p>
  <p>What if we wanted to optionally search by title and author?  First, I’d change the name of the statement to make more sense. Then simply add another condition.</p>
  <source><![CDATA[<select id="findActiveBlogLike"
     resultType="Blog">
  SELECT * FROM BLOG WHERE state = ‘ACTIVE’
  <if test="title != null">
    AND title like #{title}
  </if>
  <if test="author != null and author.name != null">
    AND author_name like #{author.name}
  </if>
</select>]]></source>
  </subsection>
  <subsection name="choose, when, otherwise" id="chooseWhenOtherwise">
  <p>Sometimes we don’t want all of the conditionals to apply, instead we want to choose only one case among many options. Similar to a switch statement in Java, MyBatis offers a choose element.</p>
  <p>Let’s use the example above, but now let’s search only on title if one is provided, then only by author if one is provided. If neither is provided, let’s only return featured blogs (perhaps a strategically list selected by administrators, instead of returning  a huge meaningless list of random blogs).</p>
  <source><![CDATA[<select id="findActiveBlogLike"
     resultType="Blog">
  SELECT * FROM BLOG WHERE state = ‘ACTIVE’
  <choose>
    <when test="title != null">
      AND title like #{title}
    </when>
    <when test="author != null and author.name != null">
      AND author_name like #{author.name}
    </when>
    <otherwise>
      AND featured = 1
    </otherwise>
  </choose>
</select>]]></source>
  </subsection>
  <subsection name="trim, where, set" id="trimWhereSet">
  <p>The previous examples have been conveniently dancing around a notorious dynamic SQL challenge. Consider what would happen if we return to our "if" example, but this time we make "ACTIVE = 1" a dynamic condition as well.</p>
  <source><![CDATA[<select id="findActiveBlogLike"
     resultType="Blog">
  SELECT * FROM BLOG
  WHERE
  <if test="state != null">
    state = #{state}
  </if>
  <if test="title != null">
    AND title like #{title}
  </if>
  <if test="author != null and author.name != null">
    AND author_name like #{author.name}
  </if>
</select>]]></source>
  <p>What happens if none of the conditions are met?  You would end up with SQL that looked like this:</p>
  <source><![CDATA[SELECT * FROM BLOG
WHERE]]></source>
  <p>This would fail. What if only the second condition was met?  You would end up with SQL that looked like this:</p>
  <source><![CDATA[SELECT * FROM BLOG
WHERE
AND title like ‘someTitle’]]></source>
  <p>This would also fail. This problem is not easily solved with conditionals, and if you’ve ever had to write it, then you likely never want to do so again.</p>
  <p>MyBatis has a simple answer that will likely work in 90% of the cases. And in cases where it doesn’t, you can customize it so that it does. With one simple change, everything works fine:</p>
  <source><![CDATA[<select id="findActiveBlogLike"
     resultType="Blog">
  SELECT * FROM BLOG
  <where>
    <if test="state != null">
         state = #{state}
    </if>
    <if test="title != null">
        AND title like #{title}
    </if>
    <if test="author != null and author.name != null">
        AND author_name like #{author.name}
    </if>
  </where>
</select>]]></source>
  <p>The <em>where</em> element knows to only insert "WHERE" if there is any content returned by the containing tags. Furthermore, if that content begins with "AND" or "OR", it knows to strip it off. </p>
  <p>If the <em>where</em> element does not behave exactly as you like, you can customize it by defining your own trim element.  For example, the trim equivalent to the <em>where</em> element is:</p>
  <source><![CDATA[<trim prefix="WHERE" prefixOverrides="AND |OR ">
  ...
</trim>]]></source>
  <p>The <em>prefixOverrides</em> attribute takes a pipe delimited list of text to override, where whitespace <u>is</u> relevant. The result is the removal of anything specified in the <em>prefixOverrides</em> attribute, and the insertion of anything in the <em>prefix</em> attribute.</p>
  <p>There is a similar solution for dynamic update statements called <em>set</em>. The <em>set</em> element can be used to dynamically include columns to update, and leave out others. For example:</p>
  <source><![CDATA[<update id="updateAuthorIfNecessary">
  update Author
    <set>
      <if test="username != null">username=#{username},</if>
      <if test="password != null">password=#{password},</if>
      <if test="email != null">email=#{email},</if>
      <if test="bio != null">bio=#{bio}</if>
    </set>
  where id=#{id}
</update>]]></source>
  <p>Here, the <em>set</em> element will dynamically prepend the SET keyword, and also eliminate any extraneous commas that might trail the value assignments after the conditions are applied.</p>
  <p>If you’re curious about what the equivalent <em>trim</em> element would look like, here it is:</p>
  <source><![CDATA[<trim prefix="SET" suffixOverrides=",">
  ...
</trim>]]></source>
  <p>Notice that in this case we’re overriding a suffix, while we’re still appending a prefix.</p>
  </subsection>
  <subsection name="foreach">
  <p>Another common necessity for dynamic SQL is the need to iterate over a collection, often to build an IN condition. For example:</p>
  <source><![CDATA[<select id="selectPostIn" resultType="domain.blog.Post">
  SELECT *
  FROM POST P
  WHERE ID in
  <foreach item="item" index="index" collection="list"
      open="(" separator="," close=")">
        #{item}
  </foreach>
</select>]]></source>
  <p>The <em>foreach</em> element is very powerful, and allows you to specify a collection, declare item and index variables that can be used inside the body of the element. It also allows you to specify opening and closing strings, and add a separator to place in between iterations. The element is smart in that it won’t accidentally append extra separators. </p>
  <p><span class="label important">NOTE</span> You can pass any Iterable object (for example List, Set, etc.), as well as any Map or Array object to foreach as collection parameter. When using an Iterable or Array, index will be the number of current iteration and value item will be the element retrieved in this iteration. When using a Map (or Collection of Map.Entry objects), index will be the key object and item will be the value object.</p>
  <p>This wraps up the discussion regarding the XML configuration file and XML mapping files. The next section will discuss the Java API in detail, so that you can get the most out of the mappings that you’ve created.</p>
  </subsection>
  <subsection name="bind">
  <p>The <code>bind</code> element lets you create a variable out of an OGNL expression and bind it to the context. For example:</p>
  <source><![CDATA[
<select id="selectBlogsLike" resultType="Blog">
  <bind name="pattern" value="'%' + _parameter.getTitle() + '%'" />
  SELECT * FROM BLOG
  WHERE title LIKE #{pattern}
</select>]]></source>
  </subsection>
  <subsection name="Multi-db vendor support">
  <p>If a databaseIdProvider was configured a "_databaseId" variable is available for dynamic code, so you can build different statements depending on database vendor. Have a look at the following example:</p>
  <source><![CDATA[<insert id="insert">
  <selectKey keyProperty="id" resultType="int" order="BEFORE">
    <if test="_databaseId == 'oracle'">
      select seq_users.nextval from dual
    </if>
    <if test="_databaseId == 'db2'">
      select nextval for seq_users from sysibm.sysdummy1"
    </if>
  </selectKey>
  insert into users values (#{id}, #{name})
</insert>
]]></source>
  </subsection>
  <subsection name="Pluggable Scripting Languages For Dynamic SQL">
    <p>Starting from version 3.2 MyBatis supports pluggable scripting languages,
    so you can plug a language driver and use that language to write your dynamic
    SQL queries.</p>
    <p>You can plug a language by implementing the following interface:</p>
  <source><![CDATA[public interface LanguageDriver {
  ParameterHandler createParameterHandler(MappedStatement mappedStatement, Object parameterObject, BoundSql boundSql);
  SqlSource createSqlSource(Configuration configuration, XNode script, Class<?> parameterType);
  SqlSource createSqlSource(Configuration configuration, String script, Class<?> parameterType);
}]]></source>    
    <p>Once you have your custom language driver you can set it to be the default by configuring it in the mybatis-config.xml file:</p>
  <source><![CDATA[<typeAliases>
  <typeAlias type="org.sample.MyLanguageDriver" alias="myLanguage"/>
</typeAliases>
<settings>
  <setting name="defaultScriptingLanguage" value="myLanguage"/>
</settings>
]]></source>    
    <p>Instead of changing the default, you can specify the language for an specific statement by adding the <code>lang</code> attribute as follows:
    </p>
  <source><![CDATA[<select id="selectBlog" lang="myLanguage">
  SELECT * FROM BLOG
</select>]]></source>
    <p>Or, in the case you are using mappers, using the <code>@Lang</code> annotation:</p>
  <source><![CDATA[public interface Mapper {
  @Lang(MyLanguageDriver.class)
  @Select("SELECT * FROM BLOG")
  List<Blog> selectBlog();
}]]></source>

    <p><span class="label important">NOTE</span> You can use Apache Velocity as your dynamic language. Have a look at the MyBatis-Velocity project for the details.</p>

    <p>All the xml tags you have seen in the previous sections are provided by the default MyBatis language that is provided by the driver  
    <code>org.apache.ibatis.scripting.xmltags.XmlLanguageDriver</code> which is aliased as <code>xml</code>.</p>
	</subsection>
  </section>
  </body>
</document>
